testuser1@idodeclare.org,testuser1,Test,User,10 Main St,76310
testuser2@idodeclare.org,testuser2,Test,User,13 Oak St,38580
testuser3@idodeclare.org,testuser3,Test,User,10 Lake St,27920
testuser4@idodeclare.org,testuser4,Test,User,55 Elm St,34515
testuser5@idodeclare.org,testuser5,Test,User,10 Main St,76646
testuser6@idodeclare.org,testuser6,Test,User,13 Oak St,38852
testuser7@idodeclare.org,testuser7,Test,User,10 Lake St,46220
testuser8@idodeclare.org,testuser8,Test,User,55 Elm St,98761
testuser9@idodeclare.org,testuser9,Test,User,10 Main St,33704
testuser10@idodeclare.org,testuser10,Test,User,13 Oak St,66502
testuser11@idodeclare.org,testuser11,Test,User,10 Lake St,15022
testuser12@idodeclare.org,testuser12,Test,User,55 Elm St,84203
testuser13@idodeclare.org,testuser13,Test,User,10 Main St,51588
testuser14@idodeclare.org,testuser14,Test,User,13 Oak St,73828
testuser15@idodeclare.org,testuser15,Test,User,10 Lake St,01693
testuser16@idodeclare.org,testuser16,Test,User,55 Elm St,62890
testuser17@idodeclare.org,testuser17,Test,User,10 Main St,97175
testuser18@idodeclare.org,testuser18,Test,User,13 Oak St,29049
testuser19@idodeclare.org,testuser19,Test,User,10 Lake St,32677
testuser20@idodeclare.org,testuser20,Test,User,55 Elm St,94344
testuser21@idodeclare.org,testuser21,Test,User,10 Main St,18947
testuser22@idodeclare.org,testuser22,Test,User,13 Oak St,27404
testuser23@idodeclare.org,testuser23,Test,User,10 Lake St,85561
testuser24@idodeclare.org,testuser24,Test,User,55 Elm St,39189
testuser25@idodeclare.org,testuser25,Test,User,10 Main St,67783
testuser26@idodeclare.org,testuser26,Test,User,13 Oak St,17494
testuser27@idodeclare.org,testuser27,Test,User,10 Lake St,79160
testuser28@idodeclare.org,testuser28,Test,User,55 Elm St,22920
testuser29@idodeclare.org,testuser29,Test,User,10 Main St,91972
testuser30@idodeclare.org,testuser30,Test,User,13 Oak St,87896
testuser31@idodeclare.org,testuser31,Test,User,10 Lake St,64733
testuser32@idodeclare.org,testuser32,Test,User,55 Elm St,31836
testuser33@idodeclare.org,testuser33,Test,User,10 Main St,25698
testuser34@idodeclare.org,testuser34,Test,User,13 Oak St,76859
testuser35@idodeclare.org,testuser35,Test,User,10 Lake St,05030
testuser36@idodeclare.org,testuser36,Test,User,55 Elm St,57154
testuser37@idodeclare.org,testuser37,Test,User,10 Main St,62950
testuser38@idodeclare.org,testuser38,Test,User,13 Oak St,53060
testuser39@idodeclare.org,testuser39,Test,User,10 Lake St,26457
testuser40@idodeclare.org,testuser40,Test,User,55 Elm St,54881
testuser41@idodeclare.org,testuser41,Test,User,10 Main St,48682
testuser42@idodeclare.org,testuser42,Test,User,13 Oak St,78672
testuser43@idodeclare.org,testuser43,Test,User,10 Lake St,87264
testuser44@idodeclare.org,testuser44,Test,User,55 Elm St,04706
testuser45@idodeclare.org,testuser45,Test,User,10 Main St,48945
testuser46@idodeclare.org,testuser46,Test,User,13 Oak St,87398
testuser47@idodeclare.org,testuser47,Test,User,10 Lake St,38177
testuser48@idodeclare.org,testuser48,Test,User,55 Elm St,30209
testuser49@idodeclare.org,testuser49,Test,User,10 Main St,72100
testuser50@idodeclare.org,testuser50,Test,User,13 Oak St,11980
testuser51@idodeclare.org,testuser51,Test,User,10 Lake St,95351
testuser52@idodeclare.org,testuser52,Test,User,55 Elm St,36819
testuser53@idodeclare.org,testuser53,Test,User,10 Main St,22872
testuser54@idodeclare.org,testuser54,Test,User,13 Oak St,12420
testuser55@idodeclare.org,testuser55,Test,User,10 Lake St,61696
testuser56@idodeclare.org,testuser56,Test,User,55 Elm St,42671
testuser57@idodeclare.org,testuser57,Test,User,10 Main St,57925
testuser58@idodeclare.org,testuser58,Test,User,13 Oak St,75967
testuser59@idodeclare.org,testuser59,Test,User,10 Lake St,01222
testuser60@idodeclare.org,testuser60,Test,User,55 Elm St,69956
testuser61@idodeclare.org,testuser61,Test,User,10 Main St,01531
testuser62@idodeclare.org,testuser62,Test,User,13 Oak St,73228
testuser63@idodeclare.org,testuser63,Test,User,10 Lake St,76405
testuser64@idodeclare.org,testuser64,Test,User,55 Elm St,49707
testuser65@idodeclare.org,testuser65,Test,User,10 Main St,07573
testuser66@idodeclare.org,testuser66,Test,User,13 Oak St,51158
testuser67@idodeclare.org,testuser67,Test,User,10 Lake St,84394
testuser68@idodeclare.org,testuser68,Test,User,55 Elm St,88610
testuser69@idodeclare.org,testuser69,Test,User,10 Main St,54211
testuser70@idodeclare.org,testuser70,Test,User,13 Oak St,39437
testuser71@idodeclare.org,testuser71,Test,User,10 Lake St,16275
testuser72@idodeclare.org,testuser72,Test,User,55 Elm St,19383
testuser73@idodeclare.org,testuser73,Test,User,10 Main St,17338
testuser74@idodeclare.org,testuser74,Test,User,13 Oak St,76392
testuser75@idodeclare.org,testuser75,Test,User,10 Lake St,60525
testuser76@idodeclare.org,testuser76,Test,User,55 Elm St,02622
testuser77@idodeclare.org,testuser77,Test,User,10 Main St,90262
testuser78@idodeclare.org,testuser78,Test,User,13 Oak St,08766
testuser79@idodeclare.org,testuser79,Test,User,10 Lake St,36428
testuser80@idodeclare.org,testuser80,Test,User,55 Elm St,65538
testuser81@idodeclare.org,testuser81,Test,User,10 Main St,84489
testuser82@idodeclare.org,testuser82,Test,User,13 Oak St,11902
testuser83@idodeclare.org,testuser83,Test,User,10 Lake St,67021
testuser84@idodeclare.org,testuser84,Test,User,55 Elm St,34675
testuser85@idodeclare.org,testuser85,Test,User,10 Main St,80579
testuser86@idodeclare.org,testuser86,Test,User,13 Oak St,99783
testuser87@idodeclare.org,testuser87,Test,User,10 Lake St,11879
testuser88@idodeclare.org,testuser88,Test,User,55 Elm St,97901
testuser89@idodeclare.org,testuser89,Test,User,10 Main St,40760
testuser90@idodeclare.org,testuser90,Test,User,13 Oak St,02309
testuser91@idodeclare.org,testuser91,Test,User,10 Lake St,52315
testuser92@idodeclare.org,testuser92,Test,User,55 Elm St,26951
testuser93@idodeclare.org,testuser93,Test,User,10 Main St,66961
testuser94@idodeclare.org,testuser94,Test,User,13 Oak St,45368
testuser95@idodeclare.org,testuser95,Test,User,10 Lake St,63216
testuser96@idodeclare.org,testuser96,Test,User,55 Elm St,81277
testuser97@idodeclare.org,testuser97,Test,User,10 Main St,53415
testuser98@idodeclare.org,testuser98,Test,User,13 Oak St,27547
testuser99@idodeclare.org,testuser99,Test,User,10 Lake St,20175
testuser100@idodeclare.org,testuser100,Test,User,55 Elm St,93425
testuser101@idodeclare.org,testuser101,Test,User,10 Main St,10811
testuser102@idodeclare.org,testuser102,Test,User,13 Oak St,64284
testuser103@idodeclare.org,testuser103,Test,User,10 Lake St,49196
testuser104@idodeclare.org,testuser104,Test,User,55 Elm St,04298
testuser105@idodeclare.org,testuser105,Test,User,10 Main St,56977
testuser106@idodeclare.org,testuser106,Test,User,13 Oak St,59328
testuser107@idodeclare.org,testuser107,Test,User,10 Lake St,88078
testuser108@idodeclare.org,testuser108,Test,User,55 Elm St,79036
testuser109@idodeclare.org,testuser109,Test,User,10 Main St,54157
testuser110@idodeclare.org,testuser110,Test,User,13 Oak St,52055
testuser111@idodeclare.org,testuser111,Test,User,10 Lake St,93793
testuser112@idodeclare.org,testuser112,Test,User,55 Elm St,77220
testuser113@idodeclare.org,testuser113,Test,User,10 Main St,83192
testuser114@idodeclare.org,testuser114,Test,User,13 Oak St,31781
testuser115@idodeclare.org,testuser115,Test,User,10 Lake St,67825
testuser116@idodeclare.org,testuser116,Test,User,55 Elm St,09571
testuser117@idodeclare.org,testuser117,Test,User,10 Main St,57467
testuser118@idodeclare.org,testuser118,Test,User,13 Oak St,86917
testuser119@idodeclare.org,testuser119,Test,User,10 Lake St,11272
testuser120@idodeclare.org,testuser120,Test,User,55 Elm St,65619
testuser121@idodeclare.org,testuser121,Test,User,10 Main St,68256
testuser122@idodeclare.org,testuser122,Test,User,13 Oak St,30605
testuser123@idodeclare.org,testuser123,Test,User,10 Lake St,24375
testuser124@idodeclare.org,testuser124,Test,User,55 Elm St,53301
testuser125@idodeclare.org,testuser125,Test,User,10 Main St,48178
testuser126@idodeclare.org,testuser126,Test,User,13 Oak St,95422
testuser127@idodeclare.org,testuser127,Test,User,10 Lake St,59377
testuser128@idodeclare.org,testuser128,Test,User,55 Elm St,99270
testuser129@idodeclare.org,testuser129,Test,User,10 Main St,36247
testuser130@idodeclare.org,testuser130,Test,User,13 Oak St,69481
testuser131@idodeclare.org,testuser131,Test,User,10 Lake St,68889
testuser132@idodeclare.org,testuser132,Test,User,55 Elm St,58575
testuser133@idodeclare.org,testuser133,Test,User,10 Main St,82545
testuser134@idodeclare.org,testuser134,Test,User,13 Oak St,52912
testuser135@idodeclare.org,testuser135,Test,User,10 Lake St,33476
testuser136@idodeclare.org,testuser136,Test,User,55 Elm St,01766
testuser137@idodeclare.org,testuser137,Test,User,10 Main St,93308
testuser138@idodeclare.org,testuser138,Test,User,13 Oak St,39380
testuser139@idodeclare.org,testuser139,Test,User,10 Lake St,47918
testuser140@idodeclare.org,testuser140,Test,User,55 Elm St,94858
testuser141@idodeclare.org,testuser141,Test,User,10 Main St,42427
testuser142@idodeclare.org,testuser142,Test,User,13 Oak St,99229
testuser143@idodeclare.org,testuser143,Test,User,10 Lake St,53086
testuser144@idodeclare.org,testuser144,Test,User,55 Elm St,90832
testuser145@idodeclare.org,testuser145,Test,User,10 Main St,02385
testuser146@idodeclare.org,testuser146,Test,User,13 Oak St,80953
testuser147@idodeclare.org,testuser147,Test,User,10 Lake St,87836
testuser148@idodeclare.org,testuser148,Test,User,55 Elm St,18934
testuser149@idodeclare.org,testuser149,Test,User,10 Main St,10065
testuser150@idodeclare.org,testuser150,Test,User,13 Oak St,81586
testuser151@idodeclare.org,testuser151,Test,User,10 Lake St,53457
testuser152@idodeclare.org,testuser152,Test,User,55 Elm St,40192
testuser153@idodeclare.org,testuser153,Test,User,10 Main St,47427
testuser154@idodeclare.org,testuser154,Test,User,13 Oak St,80819
testuser155@idodeclare.org,testuser155,Test,User,10 Lake St,28071
testuser156@idodeclare.org,testuser156,Test,User,55 Elm St,82425
testuser157@idodeclare.org,testuser157,Test,User,10 Main St,23570
testuser158@idodeclare.org,testuser158,Test,User,13 Oak St,34688
testuser159@idodeclare.org,testuser159,Test,User,10 Lake St,44274
testuser160@idodeclare.org,testuser160,Test,User,55 Elm St,09751
testuser161@idodeclare.org,testuser161,Test,User,10 Main St,05234
testuser162@idodeclare.org,testuser162,Test,User,13 Oak St,12089
testuser163@idodeclare.org,testuser163,Test,User,10 Lake St,16153
testuser164@idodeclare.org,testuser164,Test,User,55 Elm St,83537
testuser165@idodeclare.org,testuser165,Test,User,10 Main St,29381
testuser166@idodeclare.org,testuser166,Test,User,13 Oak St,85950
testuser167@idodeclare.org,testuser167,Test,User,10 Lake St,68277
testuser168@idodeclare.org,testuser168,Test,User,55 Elm St,15080
testuser169@idodeclare.org,testuser169,Test,User,10 Main St,23862
testuser170@idodeclare.org,testuser170,Test,User,13 Oak St,22646
testuser171@idodeclare.org,testuser171,Test,User,10 Lake St,47606
testuser172@idodeclare.org,testuser172,Test,User,55 Elm St,85320
testuser173@idodeclare.org,testuser173,Test,User,10 Main St,13588
testuser174@idodeclare.org,testuser174,Test,User,13 Oak St,37101
testuser175@idodeclare.org,testuser175,Test,User,10 Lake St,95748
testuser176@idodeclare.org,testuser176,Test,User,55 Elm St,69629
testuser177@idodeclare.org,testuser177,Test,User,10 Main St,24989
testuser178@idodeclare.org,testuser178,Test,User,13 Oak St,16780
testuser179@idodeclare.org,testuser179,Test,User,10 Lake St,70350
testuser180@idodeclare.org,testuser180,Test,User,55 Elm St,21124
testuser181@idodeclare.org,testuser181,Test,User,10 Main St,81652
testuser182@idodeclare.org,testuser182,Test,User,13 Oak St,76935
testuser183@idodeclare.org,testuser183,Test,User,10 Lake St,25417
testuser184@idodeclare.org,testuser184,Test,User,55 Elm St,43240
testuser185@idodeclare.org,testuser185,Test,User,10 Main St,66223
testuser186@idodeclare.org,testuser186,Test,User,13 Oak St,68564
testuser187@idodeclare.org,testuser187,Test,User,10 Lake St,42448
testuser188@idodeclare.org,testuser188,Test,User,55 Elm St,39956
testuser189@idodeclare.org,testuser189,Test,User,10 Main St,80217
testuser190@idodeclare.org,testuser190,Test,User,13 Oak St,98491
testuser191@idodeclare.org,testuser191,Test,User,10 Lake St,95767
testuser192@idodeclare.org,testuser192,Test,User,55 Elm St,30468
testuser193@idodeclare.org,testuser193,Test,User,10 Main St,74366
testuser194@idodeclare.org,testuser194,Test,User,13 Oak St,57976
testuser195@idodeclare.org,testuser195,Test,User,10 Lake St,33647
testuser196@idodeclare.org,testuser196,Test,User,55 Elm St,42135
testuser197@idodeclare.org,testuser197,Test,User,10 Main St,04547
testuser198@idodeclare.org,testuser198,Test,User,13 Oak St,02452
testuser199@idodeclare.org,testuser199,Test,User,10 Lake St,24947
testuser200@idodeclare.org,testuser200,Test,User,55 Elm St,78850
testuser201@idodeclare.org,testuser201,Test,User,10 Main St,71770
testuser202@idodeclare.org,testuser202,Test,User,13 Oak St,61787
testuser203@idodeclare.org,testuser203,Test,User,10 Lake St,42159
testuser204@idodeclare.org,testuser204,Test,User,55 Elm St,17525
testuser205@idodeclare.org,testuser205,Test,User,10 Main St,59934
testuser206@idodeclare.org,testuser206,Test,User,13 Oak St,77197
testuser207@idodeclare.org,testuser207,Test,User,10 Lake St,88492
testuser208@idodeclare.org,testuser208,Test,User,55 Elm St,94459
testuser209@idodeclare.org,testuser209,Test,User,10 Main St,20776
testuser210@idodeclare.org,testuser210,Test,User,13 Oak St,31894
testuser211@idodeclare.org,testuser211,Test,User,10 Lake St,26850
testuser212@idodeclare.org,testuser212,Test,User,55 Elm St,20182
testuser213@idodeclare.org,testuser213,Test,User,10 Main St,64173
testuser214@idodeclare.org,testuser214,Test,User,13 Oak St,22894
testuser215@idodeclare.org,testuser215,Test,User,10 Lake St,92163
testuser216@idodeclare.org,testuser216,Test,User,55 Elm St,88027
testuser217@idodeclare.org,testuser217,Test,User,10 Main St,48702
testuser218@idodeclare.org,testuser218,Test,User,13 Oak St,35796
testuser219@idodeclare.org,testuser219,Test,User,10 Lake St,99335
testuser220@idodeclare.org,testuser220,Test,User,55 Elm St,29695
testuser221@idodeclare.org,testuser221,Test,User,10 Main St,37445
testuser222@idodeclare.org,testuser222,Test,User,13 Oak St,21035
testuser223@idodeclare.org,testuser223,Test,User,10 Lake St,91703
testuser224@idodeclare.org,testuser224,Test,User,55 Elm St,78893
testuser225@idodeclare.org,testuser225,Test,User,10 Main St,80525
testuser226@idodeclare.org,testuser226,Test,User,13 Oak St,42908
testuser227@idodeclare.org,testuser227,Test,User,10 Lake St,11446
testuser228@idodeclare.org,testuser228,Test,User,55 Elm St,99690
testuser229@idodeclare.org,testuser229,Test,User,10 Main St,03052
testuser230@idodeclare.org,testuser230,Test,User,13 Oak St,53043
testuser231@idodeclare.org,testuser231,Test,User,10 Lake St,84803
testuser232@idodeclare.org,testuser232,Test,User,55 Elm St,21340
testuser233@idodeclare.org,testuser233,Test,User,10 Main St,55326
testuser234@idodeclare.org,testuser234,Test,User,13 Oak St,36981
testuser235@idodeclare.org,testuser235,Test,User,10 Lake St,15482
testuser236@idodeclare.org,testuser236,Test,User,55 Elm St,67404
testuser237@idodeclare.org,testuser237,Test,User,10 Main St,80238
testuser238@idodeclare.org,testuser238,Test,User,13 Oak St,63090
testuser239@idodeclare.org,testuser239,Test,User,10 Lake St,61786
testuser240@idodeclare.org,testuser240,Test,User,55 Elm St,07632
testuser241@idodeclare.org,testuser241,Test,User,10 Main St,43882
testuser242@idodeclare.org,testuser242,Test,User,13 Oak St,48060
testuser243@idodeclare.org,testuser243,Test,User,10 Lake St,04799
testuser244@idodeclare.org,testuser244,Test,User,55 Elm St,30201
testuser245@idodeclare.org,testuser245,Test,User,10 Main St,45781
testuser246@idodeclare.org,testuser246,Test,User,13 Oak St,75531
testuser247@idodeclare.org,testuser247,Test,User,10 Lake St,55713
testuser248@idodeclare.org,testuser248,Test,User,55 Elm St,23776
testuser249@idodeclare.org,testuser249,Test,User,10 Main St,58730
testuser250@idodeclare.org,testuser250,Test,User,13 Oak St,37593
testuser251@idodeclare.org,testuser251,Test,User,10 Lake St,13658
testuser252@idodeclare.org,testuser252,Test,User,55 Elm St,00028
testuser253@idodeclare.org,testuser253,Test,User,10 Main St,58348
testuser254@idodeclare.org,testuser254,Test,User,13 Oak St,75910
testuser255@idodeclare.org,testuser255,Test,User,10 Lake St,69416
testuser256@idodeclare.org,testuser256,Test,User,55 Elm St,37992
testuser257@idodeclare.org,testuser257,Test,User,10 Main St,51206
testuser258@idodeclare.org,testuser258,Test,User,13 Oak St,22405
testuser259@idodeclare.org,testuser259,Test,User,10 Lake St,39522
testuser260@idodeclare.org,testuser260,Test,User,55 Elm St,22904
testuser261@idodeclare.org,testuser261,Test,User,10 Main St,28448
testuser262@idodeclare.org,testuser262,Test,User,13 Oak St,86676
testuser263@idodeclare.org,testuser263,Test,User,10 Lake St,91737
testuser264@idodeclare.org,testuser264,Test,User,55 Elm St,95580
testuser265@idodeclare.org,testuser265,Test,User,10 Main St,45278
testuser266@idodeclare.org,testuser266,Test,User,13 Oak St,51913
testuser267@idodeclare.org,testuser267,Test,User,10 Lake St,81329
testuser268@idodeclare.org,testuser268,Test,User,55 Elm St,51253
testuser269@idodeclare.org,testuser269,Test,User,10 Main St,21775
testuser270@idodeclare.org,testuser270,Test,User,13 Oak St,48911
testuser271@idodeclare.org,testuser271,Test,User,10 Lake St,45666
testuser272@idodeclare.org,testuser272,Test,User,55 Elm St,15831
testuser273@idodeclare.org,testuser273,Test,User,10 Main St,02487
testuser274@idodeclare.org,testuser274,Test,User,13 Oak St,61280
testuser275@idodeclare.org,testuser275,Test,User,10 Lake St,45455
testuser276@idodeclare.org,testuser276,Test,User,55 Elm St,50455
testuser277@idodeclare.org,testuser277,Test,User,10 Main St,01008
testuser278@idodeclare.org,testuser278,Test,User,13 Oak St,81515
testuser279@idodeclare.org,testuser279,Test,User,10 Lake St,23981
testuser280@idodeclare.org,testuser280,Test,User,55 Elm St,82373
testuser281@idodeclare.org,testuser281,Test,User,10 Main St,37724
testuser282@idodeclare.org,testuser282,Test,User,13 Oak St,47987
testuser283@idodeclare.org,testuser283,Test,User,10 Lake St,93524
testuser284@idodeclare.org,testuser284,Test,User,55 Elm St,46166
testuser285@idodeclare.org,testuser285,Test,User,10 Main St,82500
testuser286@idodeclare.org,testuser286,Test,User,13 Oak St,39179
testuser287@idodeclare.org,testuser287,Test,User,10 Lake St,65787
testuser288@idodeclare.org,testuser288,Test,User,55 Elm St,00175
testuser289@idodeclare.org,testuser289,Test,User,10 Main St,90564
testuser290@idodeclare.org,testuser290,Test,User,13 Oak St,20945
testuser291@idodeclare.org,testuser291,Test,User,10 Lake St,21220
testuser292@idodeclare.org,testuser292,Test,User,55 Elm St,49465
testuser293@idodeclare.org,testuser293,Test,User,10 Main St,53174
testuser294@idodeclare.org,testuser294,Test,User,13 Oak St,23479
testuser295@idodeclare.org,testuser295,Test,User,10 Lake St,97431
testuser296@idodeclare.org,testuser296,Test,User,55 Elm St,37132
testuser297@idodeclare.org,testuser297,Test,User,10 Main St,36593
testuser298@idodeclare.org,testuser298,Test,User,13 Oak St,83071
testuser299@idodeclare.org,testuser299,Test,User,10 Lake St,81212
testuser300@idodeclare.org,testuser300,Test,User,55 Elm St,86718
testuser301@idodeclare.org,testuser301,Test,User,10 Main St,50100
testuser302@idodeclare.org,testuser302,Test,User,13 Oak St,43400
testuser303@idodeclare.org,testuser303,Test,User,10 Lake St,95639
testuser304@idodeclare.org,testuser304,Test,User,55 Elm St,98162
testuser305@idodeclare.org,testuser305,Test,User,10 Main St,31766
testuser306@idodeclare.org,testuser306,Test,User,13 Oak St,54028
testuser307@idodeclare.org,testuser307,Test,User,10 Lake St,95900
testuser308@idodeclare.org,testuser308,Test,User,55 Elm St,96144
testuser309@idodeclare.org,testuser309,Test,User,10 Main St,41622
testuser310@idodeclare.org,testuser310,Test,User,13 Oak St,67278
testuser311@idodeclare.org,testuser311,Test,User,10 Lake St,33250
testuser312@idodeclare.org,testuser312,Test,User,55 Elm St,41337
testuser313@idodeclare.org,testuser313,Test,User,10 Main St,19862
testuser314@idodeclare.org,testuser314,Test,User,13 Oak St,52399
testuser315@idodeclare.org,testuser315,Test,User,10 Lake St,91644
testuser316@idodeclare.org,testuser316,Test,User,55 Elm St,64979
testuser317@idodeclare.org,testuser317,Test,User,10 Main St,67794
testuser318@idodeclare.org,testuser318,Test,User,13 Oak St,01858
testuser319@idodeclare.org,testuser319,Test,User,10 Lake St,57199
testuser320@idodeclare.org,testuser320,Test,User,55 Elm St,79674
testuser321@idodeclare.org,testuser321,Test,User,10 Main St,96616
testuser322@idodeclare.org,testuser322,Test,User,13 Oak St,54718
testuser323@idodeclare.org,testuser323,Test,User,10 Lake St,57177
testuser324@idodeclare.org,testuser324,Test,User,55 Elm St,94075
testuser325@idodeclare.org,testuser325,Test,User,10 Main St,68903
testuser326@idodeclare.org,testuser326,Test,User,13 Oak St,23412
testuser327@idodeclare.org,testuser327,Test,User,10 Lake St,45398
testuser328@idodeclare.org,testuser328,Test,User,55 Elm St,73344
testuser329@idodeclare.org,testuser329,Test,User,10 Main St,06845
testuser330@idodeclare.org,testuser330,Test,User,13 Oak St,21395
testuser331@idodeclare.org,testuser331,Test,User,10 Lake St,23450
testuser332@idodeclare.org,testuser332,Test,User,55 Elm St,27229
testuser333@idodeclare.org,testuser333,Test,User,10 Main St,45389
testuser334@idodeclare.org,testuser334,Test,User,13 Oak St,73042
testuser335@idodeclare.org,testuser335,Test,User,10 Lake St,70802
testuser336@idodeclare.org,testuser336,Test,User,55 Elm St,49733
testuser337@idodeclare.org,testuser337,Test,User,10 Main St,61111
testuser338@idodeclare.org,testuser338,Test,User,13 Oak St,75449
testuser339@idodeclare.org,testuser339,Test,User,10 Lake St,05609
testuser340@idodeclare.org,testuser340,Test,User,55 Elm St,85038
testuser341@idodeclare.org,testuser341,Test,User,10 Main St,83341
testuser342@idodeclare.org,testuser342,Test,User,13 Oak St,53668
testuser343@idodeclare.org,testuser343,Test,User,10 Lake St,65630
testuser344@idodeclare.org,testuser344,Test,User,55 Elm St,93645
testuser345@idodeclare.org,testuser345,Test,User,10 Main St,87341
testuser346@idodeclare.org,testuser346,Test,User,13 Oak St,18194
testuser347@idodeclare.org,testuser347,Test,User,10 Lake St,48493
testuser348@idodeclare.org,testuser348,Test,User,55 Elm St,44454
testuser349@idodeclare.org,testuser349,Test,User,10 Main St,07208
testuser350@idodeclare.org,testuser350,Test,User,13 Oak St,73191
testuser351@idodeclare.org,testuser351,Test,User,10 Lake St,36387
testuser352@idodeclare.org,testuser352,Test,User,55 Elm St,69642
testuser353@idodeclare.org,testuser353,Test,User,10 Main St,28515
testuser354@idodeclare.org,testuser354,Test,User,13 Oak St,82886
testuser355@idodeclare.org,testuser355,Test,User,10 Lake St,80170
testuser356@idodeclare.org,testuser356,Test,User,55 Elm St,38741
testuser357@idodeclare.org,testuser357,Test,User,10 Main St,62374
testuser358@idodeclare.org,testuser358,Test,User,13 Oak St,22251
testuser359@idodeclare.org,testuser359,Test,User,10 Lake St,09985
testuser360@idodeclare.org,testuser360,Test,User,55 Elm St,42178
testuser361@idodeclare.org,testuser361,Test,User,10 Main St,45793
testuser362@idodeclare.org,testuser362,Test,User,13 Oak St,37071
testuser363@idodeclare.org,testuser363,Test,User,10 Lake St,89163
testuser364@idodeclare.org,testuser364,Test,User,55 Elm St,42045
testuser365@idodeclare.org,testuser365,Test,User,10 Main St,30777
testuser366@idodeclare.org,testuser366,Test,User,13 Oak St,77182
testuser367@idodeclare.org,testuser367,Test,User,10 Lake St,45117
testuser368@idodeclare.org,testuser368,Test,User,55 Elm St,70129
testuser369@idodeclare.org,testuser369,Test,User,10 Main St,95665
testuser370@idodeclare.org,testuser370,Test,User,13 Oak St,84943
testuser371@idodeclare.org,testuser371,Test,User,10 Lake St,61620
testuser372@idodeclare.org,testuser372,Test,User,55 Elm St,23741
testuser373@idodeclare.org,testuser373,Test,User,10 Main St,28014
testuser374@idodeclare.org,testuser374,Test,User,13 Oak St,80080
testuser375@idodeclare.org,testuser375,Test,User,10 Lake St,86834
testuser376@idodeclare.org,testuser376,Test,User,55 Elm St,55135
testuser377@idodeclare.org,testuser377,Test,User,10 Main St,14664
testuser378@idodeclare.org,testuser378,Test,User,13 Oak St,11997
testuser379@idodeclare.org,testuser379,Test,User,10 Lake St,66385
testuser380@idodeclare.org,testuser380,Test,User,55 Elm St,23849
testuser381@idodeclare.org,testuser381,Test,User,10 Main St,20417
testuser382@idodeclare.org,testuser382,Test,User,13 Oak St,15158
testuser383@idodeclare.org,testuser383,Test,User,10 Lake St,22914
testuser384@idodeclare.org,testuser384,Test,User,55 Elm St,37019
testuser385@idodeclare.org,testuser385,Test,User,10 Main St,66453
testuser386@idodeclare.org,testuser386,Test,User,13 Oak St,20870
testuser387@idodeclare.org,testuser387,Test,User,10 Lake St,89291
testuser388@idodeclare.org,testuser388,Test,User,55 Elm St,14316
testuser389@idodeclare.org,testuser389,Test,User,10 Main St,99975
testuser390@idodeclare.org,testuser390,Test,User,13 Oak St,47110
testuser391@idodeclare.org,testuser391,Test,User,10 Lake St,87024
testuser392@idodeclare.org,testuser392,Test,User,55 Elm St,57414
testuser393@idodeclare.org,testuser393,Test,User,10 Main St,29841
testuser394@idodeclare.org,testuser394,Test,User,13 Oak St,62167
testuser395@idodeclare.org,testuser395,Test,User,10 Lake St,57526
testuser396@idodeclare.org,testuser396,Test,User,55 Elm St,53533
testuser397@idodeclare.org,testuser397,Test,User,10 Main St,52618
testuser398@idodeclare.org,testuser398,Test,User,13 Oak St,92749
testuser399@idodeclare.org,testuser399,Test,User,10 Lake St,94431
testuser400@idodeclare.org,testuser400,Test,User,55 Elm St,34324
testuser401@idodeclare.org,testuser401,Test,User,10 Main St,76219
testuser402@idodeclare.org,testuser402,Test,User,13 Oak St,64920
testuser403@idodeclare.org,testuser403,Test,User,10 Lake St,88600
testuser404@idodeclare.org,testuser404,Test,User,55 Elm St,67571
testuser405@idodeclare.org,testuser405,Test,User,10 Main St,52509
testuser406@idodeclare.org,testuser406,Test,User,13 Oak St,40087
testuser407@idodeclare.org,testuser407,Test,User,10 Lake St,82988
testuser408@idodeclare.org,testuser408,Test,User,55 Elm St,52838
testuser409@idodeclare.org,testuser409,Test,User,10 Main St,66363
testuser410@idodeclare.org,testuser410,Test,User,13 Oak St,97792
testuser411@idodeclare.org,testuser411,Test,User,10 Lake St,25003
testuser412@idodeclare.org,testuser412,Test,User,55 Elm St,82720
testuser413@idodeclare.org,testuser413,Test,User,10 Main St,99561
testuser414@idodeclare.org,testuser414,Test,User,13 Oak St,89704
testuser415@idodeclare.org,testuser415,Test,User,10 Lake St,97099
testuser416@idodeclare.org,testuser416,Test,User,55 Elm St,03231
testuser417@idodeclare.org,testuser417,Test,User,10 Main St,65618
testuser418@idodeclare.org,testuser418,Test,User,13 Oak St,04498
testuser419@idodeclare.org,testuser419,Test,User,10 Lake St,41513
testuser420@idodeclare.org,testuser420,Test,User,55 Elm St,11606
testuser421@idodeclare.org,testuser421,Test,User,10 Main St,46092
testuser422@idodeclare.org,testuser422,Test,User,13 Oak St,14745
testuser423@idodeclare.org,testuser423,Test,User,10 Lake St,74645
testuser424@idodeclare.org,testuser424,Test,User,55 Elm St,44796
testuser425@idodeclare.org,testuser425,Test,User,10 Main St,60141
testuser426@idodeclare.org,testuser426,Test,User,13 Oak St,88853
testuser427@idodeclare.org,testuser427,Test,User,10 Lake St,97682
testuser428@idodeclare.org,testuser428,Test,User,55 Elm St,07717
testuser429@idodeclare.org,testuser429,Test,User,10 Main St,58332
testuser430@idodeclare.org,testuser430,Test,User,13 Oak St,95672
testuser431@idodeclare.org,testuser431,Test,User,10 Lake St,89647
testuser432@idodeclare.org,testuser432,Test,User,55 Elm St,06330
testuser433@idodeclare.org,testuser433,Test,User,10 Main St,20794
testuser434@idodeclare.org,testuser434,Test,User,13 Oak St,14141
testuser435@idodeclare.org,testuser435,Test,User,10 Lake St,80643
testuser436@idodeclare.org,testuser436,Test,User,55 Elm St,74296
testuser437@idodeclare.org,testuser437,Test,User,10 Main St,71029
testuser438@idodeclare.org,testuser438,Test,User,13 Oak St,85145
testuser439@idodeclare.org,testuser439,Test,User,10 Lake St,31403
testuser440@idodeclare.org,testuser440,Test,User,55 Elm St,43221
testuser441@idodeclare.org,testuser441,Test,User,10 Main St,60533
testuser442@idodeclare.org,testuser442,Test,User,13 Oak St,76090
testuser443@idodeclare.org,testuser443,Test,User,10 Lake St,57350
testuser444@idodeclare.org,testuser444,Test,User,55 Elm St,46382
testuser445@idodeclare.org,testuser445,Test,User,10 Main St,20420
testuser446@idodeclare.org,testuser446,Test,User,13 Oak St,94979
testuser447@idodeclare.org,testuser447,Test,User,10 Lake St,51084
testuser448@idodeclare.org,testuser448,Test,User,55 Elm St,86892
testuser449@idodeclare.org,testuser449,Test,User,10 Main St,23644
testuser450@idodeclare.org,testuser450,Test,User,13 Oak St,20031
testuser451@idodeclare.org,testuser451,Test,User,10 Lake St,36333
testuser452@idodeclare.org,testuser452,Test,User,55 Elm St,36438
testuser453@idodeclare.org,testuser453,Test,User,10 Main St,02731
testuser454@idodeclare.org,testuser454,Test,User,13 Oak St,25338
testuser455@idodeclare.org,testuser455,Test,User,10 Lake St,78677
testuser456@idodeclare.org,testuser456,Test,User,55 Elm St,99482
testuser457@idodeclare.org,testuser457,Test,User,10 Main St,71554
testuser458@idodeclare.org,testuser458,Test,User,13 Oak St,96666
testuser459@idodeclare.org,testuser459,Test,User,10 Lake St,62847
testuser460@idodeclare.org,testuser460,Test,User,55 Elm St,12370
testuser461@idodeclare.org,testuser461,Test,User,10 Main St,80357
testuser462@idodeclare.org,testuser462,Test,User,13 Oak St,93548
testuser463@idodeclare.org,testuser463,Test,User,10 Lake St,93974
testuser464@idodeclare.org,testuser464,Test,User,55 Elm St,86524
testuser465@idodeclare.org,testuser465,Test,User,10 Main St,15897
testuser466@idodeclare.org,testuser466,Test,User,13 Oak St,81530
testuser467@idodeclare.org,testuser467,Test,User,10 Lake St,45907
testuser468@idodeclare.org,testuser468,Test,User,55 Elm St,82721
testuser469@idodeclare.org,testuser469,Test,User,10 Main St,67305
testuser470@idodeclare.org,testuser470,Test,User,13 Oak St,94624
testuser471@idodeclare.org,testuser471,Test,User,10 Lake St,85425
testuser472@idodeclare.org,testuser472,Test,User,55 Elm St,77900
testuser473@idodeclare.org,testuser473,Test,User,10 Main St,39451
testuser474@idodeclare.org,testuser474,Test,User,13 Oak St,10812
testuser475@idodeclare.org,testuser475,Test,User,10 Lake St,63760
testuser476@idodeclare.org,testuser476,Test,User,55 Elm St,52965
testuser477@idodeclare.org,testuser477,Test,User,10 Main St,81505
testuser478@idodeclare.org,testuser478,Test,User,13 Oak St,83155
testuser479@idodeclare.org,testuser479,Test,User,10 Lake St,95001
testuser480@idodeclare.org,testuser480,Test,User,55 Elm St,60293
testuser481@idodeclare.org,testuser481,Test,User,10 Main St,69974
testuser482@idodeclare.org,testuser482,Test,User,13 Oak St,79435
testuser483@idodeclare.org,testuser483,Test,User,10 Lake St,04097
testuser484@idodeclare.org,testuser484,Test,User,55 Elm St,26851
testuser485@idodeclare.org,testuser485,Test,User,10 Main St,25218
testuser486@idodeclare.org,testuser486,Test,User,13 Oak St,68208
testuser487@idodeclare.org,testuser487,Test,User,10 Lake St,06069
testuser488@idodeclare.org,testuser488,Test,User,55 Elm St,95430
testuser489@idodeclare.org,testuser489,Test,User,10 Main St,02778
testuser490@idodeclare.org,testuser490,Test,User,13 Oak St,88389
testuser491@idodeclare.org,testuser491,Test,User,10 Lake St,43980
testuser492@idodeclare.org,testuser492,Test,User,55 Elm St,47018
testuser493@idodeclare.org,testuser493,Test,User,10 Main St,93660
testuser494@idodeclare.org,testuser494,Test,User,13 Oak St,90742
testuser495@idodeclare.org,testuser495,Test,User,10 Lake St,26392
testuser496@idodeclare.org,testuser496,Test,User,55 Elm St,59730
testuser497@idodeclare.org,testuser497,Test,User,10 Main St,75472
testuser498@idodeclare.org,testuser498,Test,User,13 Oak St,82078
testuser499@idodeclare.org,testuser499,Test,User,10 Lake St,24063
testuser500@idodeclare.org,testuser500,Test,User,55 Elm St,07261
testuser501@idodeclare.org,testuser501,Test,User,10 Main St,84007
testuser502@idodeclare.org,testuser502,Test,User,13 Oak St,92542
testuser503@idodeclare.org,testuser503,Test,User,10 Lake St,62486
testuser504@idodeclare.org,testuser504,Test,User,55 Elm St,06079
testuser505@idodeclare.org,testuser505,Test,User,10 Main St,98901
testuser506@idodeclare.org,testuser506,Test,User,13 Oak St,78861
testuser507@idodeclare.org,testuser507,Test,User,10 Lake St,77967
testuser508@idodeclare.org,testuser508,Test,User,55 Elm St,87581
testuser509@idodeclare.org,testuser509,Test,User,10 Main St,44241
testuser510@idodeclare.org,testuser510,Test,User,13 Oak St,79175
testuser511@idodeclare.org,testuser511,Test,User,10 Lake St,90089
testuser512@idodeclare.org,testuser512,Test,User,55 Elm St,14325
testuser513@idodeclare.org,testuser513,Test,User,10 Main St,38002
testuser514@idodeclare.org,testuser514,Test,User,13 Oak St,13402
testuser515@idodeclare.org,testuser515,Test,User,10 Lake St,23259
testuser516@idodeclare.org,testuser516,Test,User,55 Elm St,86453
testuser517@idodeclare.org,testuser517,Test,User,10 Main St,92712
testuser518@idodeclare.org,testuser518,Test,User,13 Oak St,92783
testuser519@idodeclare.org,testuser519,Test,User,10 Lake St,75275
testuser520@idodeclare.org,testuser520,Test,User,55 Elm St,63311
testuser521@idodeclare.org,testuser521,Test,User,10 Main St,54287
testuser522@idodeclare.org,testuser522,Test,User,13 Oak St,91113
testuser523@idodeclare.org,testuser523,Test,User,10 Lake St,49086
testuser524@idodeclare.org,testuser524,Test,User,55 Elm St,17229
testuser525@idodeclare.org,testuser525,Test,User,10 Main St,25213
testuser526@idodeclare.org,testuser526,Test,User,13 Oak St,55717
testuser527@idodeclare.org,testuser527,Test,User,10 Lake St,51652
testuser528@idodeclare.org,testuser528,Test,User,55 Elm St,22151
testuser529@idodeclare.org,testuser529,Test,User,10 Main St,52398
testuser530@idodeclare.org,testuser530,Test,User,13 Oak St,43469
testuser531@idodeclare.org,testuser531,Test,User,10 Lake St,83182
testuser532@idodeclare.org,testuser532,Test,User,55 Elm St,82481
testuser533@idodeclare.org,testuser533,Test,User,10 Main St,20712
testuser534@idodeclare.org,testuser534,Test,User,13 Oak St,94272
testuser535@idodeclare.org,testuser535,Test,User,10 Lake St,34670
testuser536@idodeclare.org,testuser536,Test,User,55 Elm St,98024
testuser537@idodeclare.org,testuser537,Test,User,10 Main St,34077
testuser538@idodeclare.org,testuser538,Test,User,13 Oak St,16423
testuser539@idodeclare.org,testuser539,Test,User,10 Lake St,80397
testuser540@idodeclare.org,testuser540,Test,User,55 Elm St,33649
testuser541@idodeclare.org,testuser541,Test,User,10 Main St,28451
testuser542@idodeclare.org,testuser542,Test,User,13 Oak St,08797
testuser543@idodeclare.org,testuser543,Test,User,10 Lake St,09025
testuser544@idodeclare.org,testuser544,Test,User,55 Elm St,27200
testuser545@idodeclare.org,testuser545,Test,User,10 Main St,77445
testuser546@idodeclare.org,testuser546,Test,User,13 Oak St,21109
testuser547@idodeclare.org,testuser547,Test,User,10 Lake St,43986
testuser548@idodeclare.org,testuser548,Test,User,55 Elm St,15354
testuser549@idodeclare.org,testuser549,Test,User,10 Main St,12621
testuser550@idodeclare.org,testuser550,Test,User,13 Oak St,00280
testuser551@idodeclare.org,testuser551,Test,User,10 Lake St,63969
testuser552@idodeclare.org,testuser552,Test,User,55 Elm St,32553
testuser553@idodeclare.org,testuser553,Test,User,10 Main St,70901
testuser554@idodeclare.org,testuser554,Test,User,13 Oak St,48270
testuser555@idodeclare.org,testuser555,Test,User,10 Lake St,17318
testuser556@idodeclare.org,testuser556,Test,User,55 Elm St,83782
testuser557@idodeclare.org,testuser557,Test,User,10 Main St,69209
testuser558@idodeclare.org,testuser558,Test,User,13 Oak St,39175
testuser559@idodeclare.org,testuser559,Test,User,10 Lake St,42124
testuser560@idodeclare.org,testuser560,Test,User,55 Elm St,78827
testuser561@idodeclare.org,testuser561,Test,User,10 Main St,34524
testuser562@idodeclare.org,testuser562,Test,User,13 Oak St,03658
testuser563@idodeclare.org,testuser563,Test,User,10 Lake St,90029
testuser564@idodeclare.org,testuser564,Test,User,55 Elm St,28134
testuser565@idodeclare.org,testuser565,Test,User,10 Main St,88537
testuser566@idodeclare.org,testuser566,Test,User,13 Oak St,45667
testuser567@idodeclare.org,testuser567,Test,User,10 Lake St,29923
testuser568@idodeclare.org,testuser568,Test,User,55 Elm St,84729
testuser569@idodeclare.org,testuser569,Test,User,10 Main St,20462
testuser570@idodeclare.org,testuser570,Test,User,13 Oak St,13825
testuser571@idodeclare.org,testuser571,Test,User,10 Lake St,00899
testuser572@idodeclare.org,testuser572,Test,User,55 Elm St,57380
testuser573@idodeclare.org,testuser573,Test,User,10 Main St,21276
testuser574@idodeclare.org,testuser574,Test,User,13 Oak St,12133
testuser575@idodeclare.org,testuser575,Test,User,10 Lake St,77738
testuser576@idodeclare.org,testuser576,Test,User,55 Elm St,48857
testuser577@idodeclare.org,testuser577,Test,User,10 Main St,34889
testuser578@idodeclare.org,testuser578,Test,User,13 Oak St,32141
testuser579@idodeclare.org,testuser579,Test,User,10 Lake St,56925
testuser580@idodeclare.org,testuser580,Test,User,55 Elm St,04751
testuser581@idodeclare.org,testuser581,Test,User,10 Main St,18621
testuser582@idodeclare.org,testuser582,Test,User,13 Oak St,46352
testuser583@idodeclare.org,testuser583,Test,User,10 Lake St,28792
testuser584@idodeclare.org,testuser584,Test,User,55 Elm St,53226
testuser585@idodeclare.org,testuser585,Test,User,10 Main St,86865
testuser586@idodeclare.org,testuser586,Test,User,13 Oak St,51772
testuser587@idodeclare.org,testuser587,Test,User,10 Lake St,56206
testuser588@idodeclare.org,testuser588,Test,User,55 Elm St,36558
testuser589@idodeclare.org,testuser589,Test,User,10 Main St,84334
testuser590@idodeclare.org,testuser590,Test,User,13 Oak St,50354
testuser591@idodeclare.org,testuser591,Test,User,10 Lake St,97986
testuser592@idodeclare.org,testuser592,Test,User,55 Elm St,01730
testuser593@idodeclare.org,testuser593,Test,User,10 Main St,20197
testuser594@idodeclare.org,testuser594,Test,User,13 Oak St,81595
testuser595@idodeclare.org,testuser595,Test,User,10 Lake St,73000
testuser596@idodeclare.org,testuser596,Test,User,55 Elm St,72703
testuser597@idodeclare.org,testuser597,Test,User,10 Main St,18971
testuser598@idodeclare.org,testuser598,Test,User,13 Oak St,19320
testuser599@idodeclare.org,testuser599,Test,User,10 Lake St,12531
testuser600@idodeclare.org,testuser600,Test,User,55 Elm St,00192
testuser601@idodeclare.org,testuser601,Test,User,10 Main St,20705
testuser602@idodeclare.org,testuser602,Test,User,13 Oak St,39537
testuser603@idodeclare.org,testuser603,Test,User,10 Lake St,35340
testuser604@idodeclare.org,testuser604,Test,User,55 Elm St,96149
testuser605@idodeclare.org,testuser605,Test,User,10 Main St,47278
testuser606@idodeclare.org,testuser606,Test,User,13 Oak St,99249
testuser607@idodeclare.org,testuser607,Test,User,10 Lake St,74088
testuser608@idodeclare.org,testuser608,Test,User,55 Elm St,11339
testuser609@idodeclare.org,testuser609,Test,User,10 Main St,42355
testuser610@idodeclare.org,testuser610,Test,User,13 Oak St,40271
testuser611@idodeclare.org,testuser611,Test,User,10 Lake St,14040
testuser612@idodeclare.org,testuser612,Test,User,55 Elm St,96685
testuser613@idodeclare.org,testuser613,Test,User,10 Main St,21679
testuser614@idodeclare.org,testuser614,Test,User,13 Oak St,33810
testuser615@idodeclare.org,testuser615,Test,User,10 Lake St,74183
testuser616@idodeclare.org,testuser616,Test,User,55 Elm St,48814
testuser617@idodeclare.org,testuser617,Test,User,10 Main St,23740
testuser618@idodeclare.org,testuser618,Test,User,13 Oak St,18359
testuser619@idodeclare.org,testuser619,Test,User,10 Lake St,85656
testuser620@idodeclare.org,testuser620,Test,User,55 Elm St,37009
testuser621@idodeclare.org,testuser621,Test,User,10 Main St,86652
testuser622@idodeclare.org,testuser622,Test,User,13 Oak St,47396
testuser623@idodeclare.org,testuser623,Test,User,10 Lake St,21407
testuser624@idodeclare.org,testuser624,Test,User,55 Elm St,61994
testuser625@idodeclare.org,testuser625,Test,User,10 Main St,98312
testuser626@idodeclare.org,testuser626,Test,User,13 Oak St,59836
testuser627@idodeclare.org,testuser627,Test,User,10 Lake St,61724
testuser628@idodeclare.org,testuser628,Test,User,55 Elm St,52580
testuser629@idodeclare.org,testuser629,Test,User,10 Main St,47367
testuser630@idodeclare.org,testuser630,Test,User,13 Oak St,28270
testuser631@idodeclare.org,testuser631,Test,User,10 Lake St,89072
testuser632@idodeclare.org,testuser632,Test,User,55 Elm St,01229
testuser633@idodeclare.org,testuser633,Test,User,10 Main St,01076
testuser634@idodeclare.org,testuser634,Test,User,13 Oak St,60123
testuser635@idodeclare.org,testuser635,Test,User,10 Lake St,12695
testuser636@idodeclare.org,testuser636,Test,User,55 Elm St,47760
testuser637@idodeclare.org,testuser637,Test,User,10 Main St,31945
testuser638@idodeclare.org,testuser638,Test,User,13 Oak St,09872
testuser639@idodeclare.org,testuser639,Test,User,10 Lake St,12205
testuser640@idodeclare.org,testuser640,Test,User,55 Elm St,01535
testuser641@idodeclare.org,testuser641,Test,User,10 Main St,98889
testuser642@idodeclare.org,testuser642,Test,User,13 Oak St,74623
testuser643@idodeclare.org,testuser643,Test,User,10 Lake St,25803
testuser644@idodeclare.org,testuser644,Test,User,55 Elm St,84874
testuser645@idodeclare.org,testuser645,Test,User,10 Main St,36486
testuser646@idodeclare.org,testuser646,Test,User,13 Oak St,22896
testuser647@idodeclare.org,testuser647,Test,User,10 Lake St,39901
testuser648@idodeclare.org,testuser648,Test,User,55 Elm St,74116
testuser649@idodeclare.org,testuser649,Test,User,10 Main St,44781
testuser650@idodeclare.org,testuser650,Test,User,13 Oak St,07338
testuser651@idodeclare.org,testuser651,Test,User,10 Lake St,50760
testuser652@idodeclare.org,testuser652,Test,User,55 Elm St,61935
testuser653@idodeclare.org,testuser653,Test,User,10 Main St,48236
testuser654@idodeclare.org,testuser654,Test,User,13 Oak St,28002
testuser655@idodeclare.org,testuser655,Test,User,10 Lake St,32248
testuser656@idodeclare.org,testuser656,Test,User,55 Elm St,58979
testuser657@idodeclare.org,testuser657,Test,User,10 Main St,51794
testuser658@idodeclare.org,testuser658,Test,User,13 Oak St,24853
testuser659@idodeclare.org,testuser659,Test,User,10 Lake St,87750
testuser660@idodeclare.org,testuser660,Test,User,55 Elm St,62648
testuser661@idodeclare.org,testuser661,Test,User,10 Main St,00639
testuser662@idodeclare.org,testuser662,Test,User,13 Oak St,87240
testuser663@idodeclare.org,testuser663,Test,User,10 Lake St,65889
testuser664@idodeclare.org,testuser664,Test,User,55 Elm St,22627
testuser665@idodeclare.org,testuser665,Test,User,10 Main St,91717
testuser666@idodeclare.org,testuser666,Test,User,13 Oak St,33288
testuser667@idodeclare.org,testuser667,Test,User,10 Lake St,02161
testuser668@idodeclare.org,testuser668,Test,User,55 Elm St,76513
testuser669@idodeclare.org,testuser669,Test,User,10 Main St,42486
testuser670@idodeclare.org,testuser670,Test,User,13 Oak St,78679
testuser671@idodeclare.org,testuser671,Test,User,10 Lake St,48524
testuser672@idodeclare.org,testuser672,Test,User,55 Elm St,53610
testuser673@idodeclare.org,testuser673,Test,User,10 Main St,34985
testuser674@idodeclare.org,testuser674,Test,User,13 Oak St,06106
testuser675@idodeclare.org,testuser675,Test,User,10 Lake St,35930
testuser676@idodeclare.org,testuser676,Test,User,55 Elm St,19890
testuser677@idodeclare.org,testuser677,Test,User,10 Main St,65454
testuser678@idodeclare.org,testuser678,Test,User,13 Oak St,45451
testuser679@idodeclare.org,testuser679,Test,User,10 Lake St,60353
testuser680@idodeclare.org,testuser680,Test,User,55 Elm St,34213
testuser681@idodeclare.org,testuser681,Test,User,10 Main St,47254
testuser682@idodeclare.org,testuser682,Test,User,13 Oak St,65588
testuser683@idodeclare.org,testuser683,Test,User,10 Lake St,06172
testuser684@idodeclare.org,testuser684,Test,User,55 Elm St,52425
testuser685@idodeclare.org,testuser685,Test,User,10 Main St,17861
testuser686@idodeclare.org,testuser686,Test,User,13 Oak St,50010
testuser687@idodeclare.org,testuser687,Test,User,10 Lake St,03165
testuser688@idodeclare.org,testuser688,Test,User,55 Elm St,17005
testuser689@idodeclare.org,testuser689,Test,User,10 Main St,37655
testuser690@idodeclare.org,testuser690,Test,User,13 Oak St,04279
testuser691@idodeclare.org,testuser691,Test,User,10 Lake St,26821
testuser692@idodeclare.org,testuser692,Test,User,55 Elm St,86282
testuser693@idodeclare.org,testuser693,Test,User,10 Main St,52187
testuser694@idodeclare.org,testuser694,Test,User,13 Oak St,24327
testuser695@idodeclare.org,testuser695,Test,User,10 Lake St,84249
testuser696@idodeclare.org,testuser696,Test,User,55 Elm St,07677
testuser697@idodeclare.org,testuser697,Test,User,10 Main St,82127
testuser698@idodeclare.org,testuser698,Test,User,13 Oak St,63541
testuser699@idodeclare.org,testuser699,Test,User,10 Lake St,67148
testuser700@idodeclare.org,testuser700,Test,User,55 Elm St,82121
testuser701@idodeclare.org,testuser701,Test,User,10 Main St,21544
testuser702@idodeclare.org,testuser702,Test,User,13 Oak St,22100
testuser703@idodeclare.org,testuser703,Test,User,10 Lake St,41549
testuser704@idodeclare.org,testuser704,Test,User,55 Elm St,49945
testuser705@idodeclare.org,testuser705,Test,User,10 Main St,49844
testuser706@idodeclare.org,testuser706,Test,User,13 Oak St,97980
testuser707@idodeclare.org,testuser707,Test,User,10 Lake St,56444
testuser708@idodeclare.org,testuser708,Test,User,55 Elm St,56510
testuser709@idodeclare.org,testuser709,Test,User,10 Main St,18664
testuser710@idodeclare.org,testuser710,Test,User,13 Oak St,79294
testuser711@idodeclare.org,testuser711,Test,User,10 Lake St,99627
testuser712@idodeclare.org,testuser712,Test,User,55 Elm St,40072
testuser713@idodeclare.org,testuser713,Test,User,10 Main St,56646
testuser714@idodeclare.org,testuser714,Test,User,13 Oak St,85157
testuser715@idodeclare.org,testuser715,Test,User,10 Lake St,80646
testuser716@idodeclare.org,testuser716,Test,User,55 Elm St,22830
testuser717@idodeclare.org,testuser717,Test,User,10 Main St,77551
testuser718@idodeclare.org,testuser718,Test,User,13 Oak St,90318
testuser719@idodeclare.org,testuser719,Test,User,10 Lake St,53737
testuser720@idodeclare.org,testuser720,Test,User,55 Elm St,30923
testuser721@idodeclare.org,testuser721,Test,User,10 Main St,97544
testuser722@idodeclare.org,testuser722,Test,User,13 Oak St,50507
testuser723@idodeclare.org,testuser723,Test,User,10 Lake St,39473
testuser724@idodeclare.org,testuser724,Test,User,55 Elm St,63552
testuser725@idodeclare.org,testuser725,Test,User,10 Main St,82459
testuser726@idodeclare.org,testuser726,Test,User,13 Oak St,90357
testuser727@idodeclare.org,testuser727,Test,User,10 Lake St,36726
testuser728@idodeclare.org,testuser728,Test,User,55 Elm St,54109
testuser729@idodeclare.org,testuser729,Test,User,10 Main St,66130
testuser730@idodeclare.org,testuser730,Test,User,13 Oak St,42721
testuser731@idodeclare.org,testuser731,Test,User,10 Lake St,34092
testuser732@idodeclare.org,testuser732,Test,User,55 Elm St,60274
testuser733@idodeclare.org,testuser733,Test,User,10 Main St,83512
testuser734@idodeclare.org,testuser734,Test,User,13 Oak St,32318
testuser735@idodeclare.org,testuser735,Test,User,10 Lake St,23307
testuser736@idodeclare.org,testuser736,Test,User,55 Elm St,84025
testuser737@idodeclare.org,testuser737,Test,User,10 Main St,99237
testuser738@idodeclare.org,testuser738,Test,User,13 Oak St,61936
testuser739@idodeclare.org,testuser739,Test,User,10 Lake St,85559
testuser740@idodeclare.org,testuser740,Test,User,55 Elm St,06439
testuser741@idodeclare.org,testuser741,Test,User,10 Main St,10331
testuser742@idodeclare.org,testuser742,Test,User,13 Oak St,05535
testuser743@idodeclare.org,testuser743,Test,User,10 Lake St,58833
testuser744@idodeclare.org,testuser744,Test,User,55 Elm St,87036
testuser745@idodeclare.org,testuser745,Test,User,10 Main St,01931
testuser746@idodeclare.org,testuser746,Test,User,13 Oak St,64821
testuser747@idodeclare.org,testuser747,Test,User,10 Lake St,62683
testuser748@idodeclare.org,testuser748,Test,User,55 Elm St,32459
testuser749@idodeclare.org,testuser749,Test,User,10 Main St,19352
testuser750@idodeclare.org,testuser750,Test,User,13 Oak St,19240
testuser751@idodeclare.org,testuser751,Test,User,10 Lake St,65761
testuser752@idodeclare.org,testuser752,Test,User,55 Elm St,38359
testuser753@idodeclare.org,testuser753,Test,User,10 Main St,93751
testuser754@idodeclare.org,testuser754,Test,User,13 Oak St,99614
testuser755@idodeclare.org,testuser755,Test,User,10 Lake St,45971
testuser756@idodeclare.org,testuser756,Test,User,55 Elm St,82639
testuser757@idodeclare.org,testuser757,Test,User,10 Main St,01735
testuser758@idodeclare.org,testuser758,Test,User,13 Oak St,19686
testuser759@idodeclare.org,testuser759,Test,User,10 Lake St,02069
testuser760@idodeclare.org,testuser760,Test,User,55 Elm St,50175
testuser761@idodeclare.org,testuser761,Test,User,10 Main St,59087
testuser762@idodeclare.org,testuser762,Test,User,13 Oak St,79698
testuser763@idodeclare.org,testuser763,Test,User,10 Lake St,70098
testuser764@idodeclare.org,testuser764,Test,User,55 Elm St,22372
testuser765@idodeclare.org,testuser765,Test,User,10 Main St,84951
testuser766@idodeclare.org,testuser766,Test,User,13 Oak St,60225
testuser767@idodeclare.org,testuser767,Test,User,10 Lake St,21861
testuser768@idodeclare.org,testuser768,Test,User,55 Elm St,47599
testuser769@idodeclare.org,testuser769,Test,User,10 Main St,07074
testuser770@idodeclare.org,testuser770,Test,User,13 Oak St,43820
testuser771@idodeclare.org,testuser771,Test,User,10 Lake St,97780
testuser772@idodeclare.org,testuser772,Test,User,55 Elm St,99678
testuser773@idodeclare.org,testuser773,Test,User,10 Main St,60087
testuser774@idodeclare.org,testuser774,Test,User,13 Oak St,24968
testuser775@idodeclare.org,testuser775,Test,User,10 Lake St,12498
testuser776@idodeclare.org,testuser776,Test,User,55 Elm St,66603
testuser777@idodeclare.org,testuser777,Test,User,10 Main St,04624
testuser778@idodeclare.org,testuser778,Test,User,13 Oak St,86152
testuser779@idodeclare.org,testuser779,Test,User,10 Lake St,12122
testuser780@idodeclare.org,testuser780,Test,User,55 Elm St,96655
testuser781@idodeclare.org,testuser781,Test,User,10 Main St,77704
testuser782@idodeclare.org,testuser782,Test,User,13 Oak St,89867
testuser783@idodeclare.org,testuser783,Test,User,10 Lake St,81450
testuser784@idodeclare.org,testuser784,Test,User,55 Elm St,08347
testuser785@idodeclare.org,testuser785,Test,User,10 Main St,76546
testuser786@idodeclare.org,testuser786,Test,User,13 Oak St,47962
testuser787@idodeclare.org,testuser787,Test,User,10 Lake St,10623
testuser788@idodeclare.org,testuser788,Test,User,55 Elm St,11582
testuser789@idodeclare.org,testuser789,Test,User,10 Main St,92913
testuser790@idodeclare.org,testuser790,Test,User,13 Oak St,31097
testuser791@idodeclare.org,testuser791,Test,User,10 Lake St,34810
testuser792@idodeclare.org,testuser792,Test,User,55 Elm St,01689
testuser793@idodeclare.org,testuser793,Test,User,10 Main St,62196
testuser794@idodeclare.org,testuser794,Test,User,13 Oak St,45821
testuser795@idodeclare.org,testuser795,Test,User,10 Lake St,54967
testuser796@idodeclare.org,testuser796,Test,User,55 Elm St,70364
testuser797@idodeclare.org,testuser797,Test,User,10 Main St,19096
testuser798@idodeclare.org,testuser798,Test,User,13 Oak St,75232
testuser799@idodeclare.org,testuser799,Test,User,10 Lake St,54585
testuser800@idodeclare.org,testuser800,Test,User,55 Elm St,80579
testuser801@idodeclare.org,testuser801,Test,User,10 Main St,89920
testuser802@idodeclare.org,testuser802,Test,User,13 Oak St,89179
testuser803@idodeclare.org,testuser803,Test,User,10 Lake St,55528
testuser804@idodeclare.org,testuser804,Test,User,55 Elm St,96485
testuser805@idodeclare.org,testuser805,Test,User,10 Main St,50188
testuser806@idodeclare.org,testuser806,Test,User,13 Oak St,58278
testuser807@idodeclare.org,testuser807,Test,User,10 Lake St,26888
testuser808@idodeclare.org,testuser808,Test,User,55 Elm St,47714
testuser809@idodeclare.org,testuser809,Test,User,10 Main St,94837
testuser810@idodeclare.org,testuser810,Test,User,13 Oak St,72269
testuser811@idodeclare.org,testuser811,Test,User,10 Lake St,46460
testuser812@idodeclare.org,testuser812,Test,User,55 Elm St,59131
testuser813@idodeclare.org,testuser813,Test,User,10 Main St,97271
testuser814@idodeclare.org,testuser814,Test,User,13 Oak St,11838
testuser815@idodeclare.org,testuser815,Test,User,10 Lake St,45377
testuser816@idodeclare.org,testuser816,Test,User,55 Elm St,59628
testuser817@idodeclare.org,testuser817,Test,User,10 Main St,10037
testuser818@idodeclare.org,testuser818,Test,User,13 Oak St,35394
testuser819@idodeclare.org,testuser819,Test,User,10 Lake St,56086
testuser820@idodeclare.org,testuser820,Test,User,55 Elm St,50151
testuser821@idodeclare.org,testuser821,Test,User,10 Main St,84778
testuser822@idodeclare.org,testuser822,Test,User,13 Oak St,18279
testuser823@idodeclare.org,testuser823,Test,User,10 Lake St,91547
testuser824@idodeclare.org,testuser824,Test,User,55 Elm St,45107
testuser825@idodeclare.org,testuser825,Test,User,10 Main St,82592
testuser826@idodeclare.org,testuser826,Test,User,13 Oak St,53441
testuser827@idodeclare.org,testuser827,Test,User,10 Lake St,86590
testuser828@idodeclare.org,testuser828,Test,User,55 Elm St,42312
testuser829@idodeclare.org,testuser829,Test,User,10 Main St,09504
testuser830@idodeclare.org,testuser830,Test,User,13 Oak St,03397
testuser831@idodeclare.org,testuser831,Test,User,10 Lake St,76471
testuser832@idodeclare.org,testuser832,Test,User,55 Elm St,40896
testuser833@idodeclare.org,testuser833,Test,User,10 Main St,00554
testuser834@idodeclare.org,testuser834,Test,User,13 Oak St,83470
testuser835@idodeclare.org,testuser835,Test,User,10 Lake St,50327
testuser836@idodeclare.org,testuser836,Test,User,55 Elm St,14757
testuser837@idodeclare.org,testuser837,Test,User,10 Main St,45558
testuser838@idodeclare.org,testuser838,Test,User,13 Oak St,12165
testuser839@idodeclare.org,testuser839,Test,User,10 Lake St,65711
testuser840@idodeclare.org,testuser840,Test,User,55 Elm St,06339
testuser841@idodeclare.org,testuser841,Test,User,10 Main St,54093
testuser842@idodeclare.org,testuser842,Test,User,13 Oak St,66977
testuser843@idodeclare.org,testuser843,Test,User,10 Lake St,83087
testuser844@idodeclare.org,testuser844,Test,User,55 Elm St,41821
testuser845@idodeclare.org,testuser845,Test,User,10 Main St,43852
testuser846@idodeclare.org,testuser846,Test,User,13 Oak St,31937
testuser847@idodeclare.org,testuser847,Test,User,10 Lake St,42260
testuser848@idodeclare.org,testuser848,Test,User,55 Elm St,54557
testuser849@idodeclare.org,testuser849,Test,User,10 Main St,24270
testuser850@idodeclare.org,testuser850,Test,User,13 Oak St,29030
testuser851@idodeclare.org,testuser851,Test,User,10 Lake St,90776
testuser852@idodeclare.org,testuser852,Test,User,55 Elm St,54279
testuser853@idodeclare.org,testuser853,Test,User,10 Main St,90041
testuser854@idodeclare.org,testuser854,Test,User,13 Oak St,29327
testuser855@idodeclare.org,testuser855,Test,User,10 Lake St,95076
testuser856@idodeclare.org,testuser856,Test,User,55 Elm St,81271
testuser857@idodeclare.org,testuser857,Test,User,10 Main St,21235
testuser858@idodeclare.org,testuser858,Test,User,13 Oak St,02328
testuser859@idodeclare.org,testuser859,Test,User,10 Lake St,20087
testuser860@idodeclare.org,testuser860,Test,User,55 Elm St,57357
testuser861@idodeclare.org,testuser861,Test,User,10 Main St,69657
testuser862@idodeclare.org,testuser862,Test,User,13 Oak St,92737
testuser863@idodeclare.org,testuser863,Test,User,10 Lake St,30019
testuser864@idodeclare.org,testuser864,Test,User,55 Elm St,59400
testuser865@idodeclare.org,testuser865,Test,User,10 Main St,20544
testuser866@idodeclare.org,testuser866,Test,User,13 Oak St,54654
testuser867@idodeclare.org,testuser867,Test,User,10 Lake St,14118
testuser868@idodeclare.org,testuser868,Test,User,55 Elm St,70714
testuser869@idodeclare.org,testuser869,Test,User,10 Main St,70188
testuser870@idodeclare.org,testuser870,Test,User,13 Oak St,02731
testuser871@idodeclare.org,testuser871,Test,User,10 Lake St,21796
testuser872@idodeclare.org,testuser872,Test,User,55 Elm St,46851
testuser873@idodeclare.org,testuser873,Test,User,10 Main St,52031
testuser874@idodeclare.org,testuser874,Test,User,13 Oak St,74451
testuser875@idodeclare.org,testuser875,Test,User,10 Lake St,68205
testuser876@idodeclare.org,testuser876,Test,User,55 Elm St,32247
testuser877@idodeclare.org,testuser877,Test,User,10 Main St,25558
testuser878@idodeclare.org,testuser878,Test,User,13 Oak St,80563
testuser879@idodeclare.org,testuser879,Test,User,10 Lake St,23400
testuser880@idodeclare.org,testuser880,Test,User,55 Elm St,30321
testuser881@idodeclare.org,testuser881,Test,User,10 Main St,87133
testuser882@idodeclare.org,testuser882,Test,User,13 Oak St,87271
testuser883@idodeclare.org,testuser883,Test,User,10 Lake St,87204
testuser884@idodeclare.org,testuser884,Test,User,55 Elm St,18234
testuser885@idodeclare.org,testuser885,Test,User,10 Main St,33843
testuser886@idodeclare.org,testuser886,Test,User,13 Oak St,39392
testuser887@idodeclare.org,testuser887,Test,User,10 Lake St,06999
testuser888@idodeclare.org,testuser888,Test,User,55 Elm St,42955
testuser889@idodeclare.org,testuser889,Test,User,10 Main St,24368
testuser890@idodeclare.org,testuser890,Test,User,13 Oak St,69558
testuser891@idodeclare.org,testuser891,Test,User,10 Lake St,30948
testuser892@idodeclare.org,testuser892,Test,User,55 Elm St,23805
testuser893@idodeclare.org,testuser893,Test,User,10 Main St,61615
testuser894@idodeclare.org,testuser894,Test,User,13 Oak St,51767
testuser895@idodeclare.org,testuser895,Test,User,10 Lake St,67951
testuser896@idodeclare.org,testuser896,Test,User,55 Elm St,86001
testuser897@idodeclare.org,testuser897,Test,User,10 Main St,12255
testuser898@idodeclare.org,testuser898,Test,User,13 Oak St,36059
testuser899@idodeclare.org,testuser899,Test,User,10 Lake St,21665
testuser900@idodeclare.org,testuser900,Test,User,55 Elm St,35125
testuser901@idodeclare.org,testuser901,Test,User,10 Main St,02503
testuser902@idodeclare.org,testuser902,Test,User,13 Oak St,10307
testuser903@idodeclare.org,testuser903,Test,User,10 Lake St,02363
testuser904@idodeclare.org,testuser904,Test,User,55 Elm St,78940
testuser905@idodeclare.org,testuser905,Test,User,10 Main St,94071
testuser906@idodeclare.org,testuser906,Test,User,13 Oak St,21746
testuser907@idodeclare.org,testuser907,Test,User,10 Lake St,26215
testuser908@idodeclare.org,testuser908,Test,User,55 Elm St,92915
testuser909@idodeclare.org,testuser909,Test,User,10 Main St,70819
testuser910@idodeclare.org,testuser910,Test,User,13 Oak St,17941
testuser911@idodeclare.org,testuser911,Test,User,10 Lake St,28174
testuser912@idodeclare.org,testuser912,Test,User,55 Elm St,35224
testuser913@idodeclare.org,testuser913,Test,User,10 Main St,99175
testuser914@idodeclare.org,testuser914,Test,User,13 Oak St,57936
testuser915@idodeclare.org,testuser915,Test,User,10 Lake St,23082
testuser916@idodeclare.org,testuser916,Test,User,55 Elm St,76782
testuser917@idodeclare.org,testuser917,Test,User,10 Main St,06566
testuser918@idodeclare.org,testuser918,Test,User,13 Oak St,13521
testuser919@idodeclare.org,testuser919,Test,User,10 Lake St,67607
testuser920@idodeclare.org,testuser920,Test,User,55 Elm St,26530
testuser921@idodeclare.org,testuser921,Test,User,10 Main St,23416
testuser922@idodeclare.org,testuser922,Test,User,13 Oak St,30503
testuser923@idodeclare.org,testuser923,Test,User,10 Lake St,43659
testuser924@idodeclare.org,testuser924,Test,User,55 Elm St,54598
testuser925@idodeclare.org,testuser925,Test,User,10 Main St,81675
testuser926@idodeclare.org,testuser926,Test,User,13 Oak St,15004
testuser927@idodeclare.org,testuser927,Test,User,10 Lake St,66101
testuser928@idodeclare.org,testuser928,Test,User,55 Elm St,67171
testuser929@idodeclare.org,testuser929,Test,User,10 Main St,66000
testuser930@idodeclare.org,testuser930,Test,User,13 Oak St,36823
testuser931@idodeclare.org,testuser931,Test,User,10 Lake St,29615
testuser932@idodeclare.org,testuser932,Test,User,55 Elm St,70539
testuser933@idodeclare.org,testuser933,Test,User,10 Main St,19450
testuser934@idodeclare.org,testuser934,Test,User,13 Oak St,63612
testuser935@idodeclare.org,testuser935,Test,User,10 Lake St,08688
testuser936@idodeclare.org,testuser936,Test,User,55 Elm St,36777
testuser937@idodeclare.org,testuser937,Test,User,10 Main St,18707
testuser938@idodeclare.org,testuser938,Test,User,13 Oak St,80245
testuser939@idodeclare.org,testuser939,Test,User,10 Lake St,84535
testuser940@idodeclare.org,testuser940,Test,User,55 Elm St,20469
testuser941@idodeclare.org,testuser941,Test,User,10 Main St,10855
testuser942@idodeclare.org,testuser942,Test,User,13 Oak St,28468
testuser943@idodeclare.org,testuser943,Test,User,10 Lake St,04652
testuser944@idodeclare.org,testuser944,Test,User,55 Elm St,95262
testuser945@idodeclare.org,testuser945,Test,User,10 Main St,41427
testuser946@idodeclare.org,testuser946,Test,User,13 Oak St,95532
testuser947@idodeclare.org,testuser947,Test,User,10 Lake St,79902
testuser948@idodeclare.org,testuser948,Test,User,55 Elm St,45395
testuser949@idodeclare.org,testuser949,Test,User,10 Main St,89204
testuser950@idodeclare.org,testuser950,Test,User,13 Oak St,55276
testuser951@idodeclare.org,testuser951,Test,User,10 Lake St,30187
testuser952@idodeclare.org,testuser952,Test,User,55 Elm St,85272
testuser953@idodeclare.org,testuser953,Test,User,10 Main St,55564
testuser954@idodeclare.org,testuser954,Test,User,13 Oak St,33778
testuser955@idodeclare.org,testuser955,Test,User,10 Lake St,87874
testuser956@idodeclare.org,testuser956,Test,User,55 Elm St,01478
testuser957@idodeclare.org,testuser957,Test,User,10 Main St,76108
testuser958@idodeclare.org,testuser958,Test,User,13 Oak St,82063
testuser959@idodeclare.org,testuser959,Test,User,10 Lake St,28691
testuser960@idodeclare.org,testuser960,Test,User,55 Elm St,71771
testuser961@idodeclare.org,testuser961,Test,User,10 Main St,98621
testuser962@idodeclare.org,testuser962,Test,User,13 Oak St,11432
testuser963@idodeclare.org,testuser963,Test,User,10 Lake St,51756
testuser964@idodeclare.org,testuser964,Test,User,55 Elm St,14381
testuser965@idodeclare.org,testuser965,Test,User,10 Main St,69205
testuser966@idodeclare.org,testuser966,Test,User,13 Oak St,46512
testuser967@idodeclare.org,testuser967,Test,User,10 Lake St,89978
testuser968@idodeclare.org,testuser968,Test,User,55 Elm St,38364
testuser969@idodeclare.org,testuser969,Test,User,10 Main St,58762
testuser970@idodeclare.org,testuser970,Test,User,13 Oak St,18707
testuser971@idodeclare.org,testuser971,Test,User,10 Lake St,24829
testuser972@idodeclare.org,testuser972,Test,User,55 Elm St,00103
testuser973@idodeclare.org,testuser973,Test,User,10 Main St,73303
testuser974@idodeclare.org,testuser974,Test,User,13 Oak St,90332
testuser975@idodeclare.org,testuser975,Test,User,10 Lake St,80138
testuser976@idodeclare.org,testuser976,Test,User,55 Elm St,48327
testuser977@idodeclare.org,testuser977,Test,User,10 Main St,10202
testuser978@idodeclare.org,testuser978,Test,User,13 Oak St,32501
testuser979@idodeclare.org,testuser979,Test,User,10 Lake St,84016
testuser980@idodeclare.org,testuser980,Test,User,55 Elm St,49905
testuser981@idodeclare.org,testuser981,Test,User,10 Main St,01913
testuser982@idodeclare.org,testuser982,Test,User,13 Oak St,23117
testuser983@idodeclare.org,testuser983,Test,User,10 Lake St,82879
testuser984@idodeclare.org,testuser984,Test,User,55 Elm St,79478
testuser985@idodeclare.org,testuser985,Test,User,10 Main St,09744
testuser986@idodeclare.org,testuser986,Test,User,13 Oak St,11594
testuser987@idodeclare.org,testuser987,Test,User,10 Lake St,12593
testuser988@idodeclare.org,testuser988,Test,User,55 Elm St,32888
testuser989@idodeclare.org,testuser989,Test,User,10 Main St,92397
testuser990@idodeclare.org,testuser990,Test,User,13 Oak St,93411
testuser991@idodeclare.org,testuser991,Test,User,10 Lake St,47570
testuser992@idodeclare.org,testuser992,Test,User,55 Elm St,88109
testuser993@idodeclare.org,testuser993,Test,User,10 Main St,18646
testuser994@idodeclare.org,testuser994,Test,User,13 Oak St,36334
testuser995@idodeclare.org,testuser995,Test,User,10 Lake St,63683
testuser996@idodeclare.org,testuser996,Test,User,55 Elm St,82377
testuser997@idodeclare.org,testuser997,Test,User,10 Main St,91263
testuser998@idodeclare.org,testuser998,Test,User,13 Oak St,39539
testuser999@idodeclare.org,testuser999,Test,User,10 Lake St,35095
testuser1000@idodeclare.org,testuser1000,Test,User,55 Elm St,26148